model,dataset,final_train_loss,train_acc,best_val_acc,best_test_acc,training_time_s
Linear,full,0.31092444224524834,86.25625,85.34166666666667,85.50999999999999,326.8047454357147
Linear,50pct,0.3142547857967063,87.075,84.46666666666667,85.22,203.8145830631256
Linear,10pct,0.3196455806390513,86.47916666666666,83.66666666666667,83.02000000000001,20.546663522720337
Two-Layer MLP,full,0.28228256000243035,87.77083333333333,86.85000000000001,87.24,313.15843892097473
Two-Layer MLP,50pct,0.31607698554982877,87.65833333333333,85.25,86.31,246.13389325141907
Two-Layer MLP,10pct,0.50546564107093,80.83333333333333,80.25,79.25999999999999,47.987807750701904
Three-Layer MLP,full,0.2920142374533316,86.32916666666667,86.29166666666667,86.1,559.3946814537048
Three-Layer MLP,50pct,0.4289700904123906,83.80833333333332,82.18333333333334,82.91,302.49771213531494
Three-Layer MLP,10pct,2.289196542005251,10.0,10.0,10.0,63.75725436210632
Three-Layer MLP (Residual),full,0.239422273999641,88.73333333333333,87.325,87.83,641.7719457149506
Three-Layer MLP (Residual),50pct,0.2741542323388016,88.25,85.7,86.48,428.39601612091064
Three-Layer MLP (Residual),10pct,0.4347232406393907,81.60416666666667,81.41666666666667,80.15,80.41258668899536
